,Unnamed: 0,brand,model_name,screen_size,ram,rom,cams,sim_type,battary,sale_percentage,product_rating,seller_name,seller_score,seller_followers,Reviews,price
0,0,5,Spark 10 Pro ,6.8,8.0,128.0,50MP + 2MP + 32MP,2,5000.0,43%,4.4,Minestar,86%,1002,No reviews,3884578.0
1,1,2,Hot 30 Play ,6.82,8.0,128.0,16MP + 8MP,2,6000.0,22%,4.7,Tech Traders,86%,722,"[ (5 out of 5) GOOD ], [ (5 out of 5) I like it ], [ (5 out of 5) Like it! ], [ (5 out of 5) phone ], [ (5 out of 5) I love it ], [ (5 out of 5) Awesome! ], [ (4 out of 5) The Phone is great. ], [ (5 out of 5) I like it. ], [ (4 out of 5) Nice camera! However, put up 50MP main camera ], [ (4 out of 5) Like it so far! ]",3159050.0
2,2,4,Redmi A2 ,6.52,3.0,64.0,8MP + 5MP,2,5000.0,28%,3.8,Xiaomi Ecco World - AC,80%,36,"[ (5 out of 5) I like it ], [ (4 out of 5) I like it ], [ (4 out of 5) I like it ], [ (4 out of 5) fare perfomance ], [ (1 out of 5) not worthy ], [ (2 out of 5) Slow Charging ], [ (5 out of 5) redmi A2+ ]",2406188.2
3,3,5,Spark 10C ,6.6,4.0,128.0,16MP + 8MP,2,5000.0,35%,4.8,Minestar,86%,1002,"[ (5 out of 5) It's a good product ], [ (4 out of 5) smart watch  ], [ (5 out of 5) Cool ], [ (5 out of 5) product and service delivery ], [ (5 out of 5) I like it ], [ (5 out of 5) Very nice!! ], [ (5 out of 5) Techno spark 10 ]",3379336.2
4,4,2,Smart 7 HD ,6.6,2.0,64.0,8MP + 5MP,2,5000.0,27%,4.3,Tech Traders,86%,722,"[ (5 out of 5) I like it ], [ (5 out of 5) Good Product ], [ (5 out of 5) I love it ], [ (4 out of 5) I like it ], [ (4 out of 5) Like it ], [ (4 out of 5) Good ], [ (5 out of 5) I like it ], [ (5 out of 5) Battery  ], [ (5 out of 5) I love it ], [ (5 out of 5) battery health. ]",2282980.2
5,5,4,Redmi A2 ,6.52,2.0,32.0,8MP + 5MP,2,5000.0,20%,4.3,XIAOMI KE,100%,9268,"[ (5 out of 5) I lovei it ], [ (5 out of 5) smartphone ], [ (4 out of 5) She likes it. ], [ (5 out of 5) XIAOMI Redmi A2+ ], [ (5 out of 5) Perfect one ], [ (5 out of 5) I like it ], [ (4 out of 5) redmi A2 + ], [ (5 out of 5) I like it ]",2274430.2
6,6,3,F9 ,6.52,4.0,64.0,3.0MP + 2.0MP + 8.0MP,2,5000.0,42%,4.6,FreeYond-COD,86%,443,"[ (5 out of 5) I love the phone ], [ (5 out of 5) i love it ], [ (5 out of 5) well deliverd ], [ (4 out of 5) works well ], [ (4 out of 5) Not bad ], [ (5 out of 5) power ], [ (5 out of 5) good ], [ (5 out of 5) internet ], [ (5 out of 5) i like it ], [ (5 out of 5) true ]",2683895.2
7,7,1,MAX 80 Plus ,6.52,2.0,16.0,5MP + 8MP,2,5075.0,0,4.1,Modern Electronics,80%,18,No reviews,1425999.8
8,8,2,Smart 7 HD ,6.6,2.0,64.0,8MP + 5MP,2,5000.0,24%,4.5,Tech Traders,86%,722,"[ (5 out of 5) camera ], [ (3 out of 5) Like it ], [ (5 out of 5) i love it ], [ (4 out of 5) I like it ], [ (4 out of 5) nice ], [ (5 out of 5) Excellent ], [ (5 out of 5) got what i ordered ], [ (4 out of 5) i liked it ], [ (5 out of 5) ???????? ], [ (5 out of 5) CONVINIENCY ]",2282980.2
9,9,3,M5 ,6.52,8.0,128.0,50MP + 8.0MP + 2.0MP,2,5000.0,35%,4.1,FreeYond-COD,86%,443,"[ (1 out of 5) product specification ], [ (5 out of 5) I love it ], [ (5 out of 5) Perfect. ], [ (5 out of 5) I like it ], [ (5 out of 5) Love it ], [ (5 out of 5) A good phone with that price ], [ (3 out of 5) Just an okay phone ], [ (2 out of 5) I don't like it ], [ (5 out of 5) Excellent ], [ (1 out of 5) poor network ]",3474065.2
10,10,5,Pop 7 ,6.6,2.0,64.0,5MP + 8MP,2,5000.0,19%,4.4,Premium Phones-,100%,407,"[ (5 out of 5) I love it ], [ (5 out of 5) I like it ], [ (5 out of 5) I like it ], [ (4 out of 5) Very good ], [ (5 out of 5) A good device ], [ (4 out of 5) rate ], [ (5 out of 5) good phone ], [ (2 out of 5) good ], [ (4 out of 5) great ], [ (5 out of 5) Tecno Pop 7 ]",2030862.1
11,11,5,Pop 7 ,6.6,2.0,64.0,5MP + 8MP,2,5000.0,11%,4.4,Premium Phones-,100%,407,"[ (4 out of 5) Delivery process excellent ], [ (5 out of 5) i loved  it ], [ (4 out of 5) As described ], [ (4 out of 5) Nice phone ], [ (5 out of 5) Awesome one  ], [ (3 out of 5) Poor camera ], [ (5 out of 5) quality ]",2030862.1
12,12,2,Hot 30i ,6.56,4.0,128.0,13MP + 8MP,2,5000.0,29%,4.4,Tech Traders,86%,722,"[ (5 out of 5) Infinix hot30i ], [ (1 out of 5) Really poor phone ], [ (5 out of 5) I like it ], [ (5 out of 5) I like it ], [ (5 out of 5) Decent ], [ (5 out of 5) original ], [ (5 out of 5) i liked it ], [ (5 out of 5) Love it ], [ (4 out of 5) I like it ], [ (5 out of 5) BEST BUDGET ]",2714886.2
13,13,4,Redmi A2 ,6.52,2.0,32.0,8MP + 5MP,2,5000.0,23%,4.7,XIAOMI KE,100%,9268,"[ (5 out of 5) Fast, efficient and easier to operate. ], [ (5 out of 5) Loved it ], [ (5 out of 5) performance ], [ (5 out of 5) its the best ], [ (5 out of 5) I like it. ], [ (5 out of 5) Perfect! ], [ (5 out of 5) I like it. ], [ (5 out of 5) I love it ], [ (5 out of 5) I love it ], [ (5 out of 5) love  ]",2274430.2
14,14,5,Pop 7 Pro ,6.6,4.0,64.0,13MP + 5MP,2,5000.0,17%,4.7,Premium Phones-,100%,407,[ (5 out of 5) Good  ],2367477.5
15,15,9,P Smart ,6.21,6.0,128.0,13MP + 2MP + 8MP,2,0.0,44%,0.0,3C Market-COD,60%,22,No reviews,5202026.5
16,16,5,Spark 10C ,6.6,4.0,128.0,16MP + 8MP,2,5000.0,18%,4.1,Premium Phones-,100%,407,"[ (5 out of 5) spark 10c ], [ (4 out of 5) product arrived in good condition ], [ (2 out of 5) Camera so poor ], [ (5 out of 5) very nice phone ], [ (5 out of 5) I like it ], [ (4 out of 5) Great ], [ (5 out of 5) PERFOMANCE ], [ (5 out of 5) Efficiency ], [ (5 out of 5) a good good ], [ (5 out of 5) Good specs ]",3379336.2
17,17,2,Hot 30i ,6.6,8.0,128.0,13MP + 8MP,2,5000.0,13%,4.6,Tech Traders,86%,722,"[ (5 out of 5) I like it 100% ], [ (5 out of 5) good best ], [ (5 out of 5) Good customer service at the pick up session ], [ (5 out of 5) Nice phone ]",3111845.2
18,18,2,Hot 30i ,6.6,12.0,128.0,13MP + 8MP,2,5000.0,1%,4.5,Kattason enterprise,94%,291,No reviews,2662547.8
19,19,3,F9 ,6.52,3.0,128.0,3.0MP + 2.0MP + 8.0MP,2,5000.0,48%,3.8,FreeYond-COD,86%,443,"[ (5 out of 5) its legit  ], [ (5 out of 5) Awesome for the money ], [ (2 out of 5) freeyond F9 ], [ (4 out of 5) I like it ], [ (3 out of 5) so far so good ], [ (4 out of 5) the phone is good but charger ni bure kabisa ]",2729876.8
20,20,4,Redmi 12 ,6.79,8.0,128.0,50MP + 8MP + 2MP + 8MP,2,5000.0,17%,5.0,XIAOMI KE,100%,9268,No reviews,3662656.5
21,21,2,Smart 7 HD ,6.6,2.0,64.0,8MP + 5MP,2,5000.0,27%,4.0,Tech Traders,86%,722,No reviews,2282980.2
22,22,7,C1 2nd Edition ,5.45,1.0,16.0,5MP + 5MP,2,0.0,34%,4.1,Kattason enterprise,94%,291,No reviews,1673519.9
23,23,4,Redmi Note 12 ,6.67,6.0,128.0,50MP + 8MP + 2MP,2,0.0,22%,4.6,XIAOMI KE,100%,9268,"[ (5 out of 5) like it ], [ (5 out of 5) Excellent phone ], [ (5 out of 5) best phone best price ], [ (5 out of 5) Features ], [ (5 out of 5) Its perfect ], [ (5 out of 5) I love it! ]",4141928.8
24,24,4,Redmi 12 ,6.79,8.0,256.0,50MP + 8MP + 2MP + 8MP,2,5000.0,16%,0.0,XIAOMI KE,100%,9268,No reviews,4784807.5
25,25,2,Smart 7 Plus ,6.6,3.0,64.0,13MP + 5MP,2,6000.0,17%,4.2,Tech Traders,86%,722,"[ (5 out of 5) its perfect for its secs ], [ (5 out of 5) infinix smart 7 ], [ (5 out of 5) working perfectly ], [ (5 out of 5) Superb ], [ (4 out of 5) nice one ], [ (1 out of 5) OVERHEATING  ], [ (5 out of 5) I like it ], [ (4 out of 5) perfect  ], [ (5 out of 5) amazing ], [ (4 out of 5) Review ]",2145890.8
26,26,8,Galaxy A04 ,6.5,4.0,64.0,50MP + 2MP + 2MP + 5MP,2,5000.0,16%,4.4,Samsung Ecco World -,100%,177,"[ (5 out of 5) I like it ], [ (5 out of 5) Love it ], [ (5 out of 5) Delivery & packaging ], [ (5 out of 5) I just love this phone ], [ (5 out of 5) lovely battery life ], [ (5 out of 5) I like it ], [ (5 out of 5) I love it ], [ (5 out of 5) Best smartphone ], [ (5 out of 5) samsung Ao4 ], [ (5 out of 5) Samsung A04 ]",3048273.0
27,27,8,Galaxy A14 ,6.6,4.0,64.0,50MP + 5MP + 2MP + 2MP + 13MP,2,5000.0,45%,2.8,Minestar,86%,1002,[ (3 out of 5) I liked the phone ],3678840.5
28,28,8,Galaxy A14 4G ,6.6,4.0,64.0,50MP + 2MP + 2MP + 13MP,2,5000.0,33%,4.7,Samsung Ecco World -,100%,177,"[ (5 out of 5) Galaxy A14 ], [ (4 out of 5) I like it ], [ (5 out of 5) Device performance ], [ (4 out of 5) i like it ], [ (5 out of 5) Good camera ], [ (5 out of 5) i like it ], [ (5 out of 5) I love it ]",3678840.5
29,29,2,Hot 30 Play ,6.82,8.0,128.0,16MP + 8MP,2,6000.0,22%,4.4,Tech Traders,86%,722,"[ (5 out of 5) meets my expectations ], [ (5 out of 5) I like it ], [ (5 out of 5) I LIKE IT ], [ (3 out of 5) I like it ], [ (5 out of 5) i like it ], [ (5 out of 5) Fabulous???????? ], [ (5 out of 5) I LIKE IT ], [ (5 out of 5) great ], [ (3 out of 5) I have mixed feelings. ], [ (5 out of 5) I love it ]",3159050.0
30,30,4,Redmi Note 12S ,6.67,8.0,256.0,108MP + 8MP + 2MP + 16MP,2,0.0,18%,5.0,XIAOMI KE,100%,9268,[ (5 out of 5) I like it ],4697642.5
31,31,4,Redmi 12c ,6.71,6.0,128.0,50MP + 0.08MP + 5MP,2,5000.0,22%,5.0,Xiaomi Ecco World - AC,80%,36,[ (5 out of 5) LOVE IT ],3181504.8
32,32,5,Spark 10 ,6.6,8.0,128.0,50MP + 8MP + 50MP,2,5000.0,23%,4.5,Minestar,86%,1002,"[ (5 out of 5) nice ], [ (5 out of 5) I like it. Thank you!! ], [ (5 out of 5) wonderful  ]",3314947.8
33,33,7,C12 ,6.3,2.0,64.0,8MP + 5MP,2,3000.0,28%,4.4,Samsung Ecco World -,100%,177,"[ (4 out of 5) Good value ], [ (5 out of 5) It's modest phone ], [ (5 out of 5) Specs ]",2315309.2
34,34,2,Smart 7 HD ,6.6,2.0,64.0,8MP + 5MP,2,5000.0,27%,5.0,Tech Traders,86%,722,[ (5 out of 5) I like it ],2282980.2
35,35,5,Pop 7 ,6.6,2.0,64.0,5MP + 8MP,2,5000.0,19%,4.2,Premium Phones-,100%,407,"[ (5 out of 5) I like it ], [ (5 out of 5) Great  ], [ (5 out of 5) I like it ], [ (5 out of 5) camera and space  ], [ (3 out of 5) Somewhat what I expected ], [ (5 out of 5) speed ], [ (5 out of 5) excellent ], [ (2 out of 5) exactly ], [ (5 out of 5) I love it ]",2030862.1
36,36,8,Galaxy A03 Core ,6.5,2.0,32.0,8MP + 5MP,2,5000.0,41%,4.8,Minestar,86%,1002,"[ (5 out of 5) I like the phone ], [ (5 out of 5) great phone so far ], [ (5 out of 5) I love it ]",2196155.8
37,37,2,SMART 7 PLUS Type C ,6.6,9.0,64.0,13MP,2,6000.0,1%,4.0,Tycoon enterprises,94%,305,No reviews,2480448.2
38,38,5,Spark 10C ,6.6,8.0,128.0,16MP + 8MP,2,5000.0,43%,5.0,Minestar,86%,1002,No reviews,3314947.8
39,39,8,Galaxy A04 ,6.5,4.0,64.0,50MP + 2MP + 2MP + 5MP,2,5000.0,36%,4.2,CELLINY COLLECTIONS,74%,967,No reviews,3048273.0
40,40,6,A58 ,6.72,6.0,128.0,50MP + 2MP + 8MP,2,5000.0,35%,4.5,Minestar,86%,1002,No reviews,4246751.0
41,41,8,Galaxy A14 ,6.6,4.0,64.0,50MP + 5MP + 2MP + 2MP + 13MP,2,5000.0,46%,4.7,Minestar,86%,1002,No reviews,3678840.5
42,42,4,Redmi 12 ,6.79,8.0,256.0,50MP + 8MP + 2MP + 8MP,2,5000.0,16%,0.0,XIAOMI KE,100%,9268,No reviews,4784807.5
43,43,8,Galaxy A03 Core ,6.5,2.0,32.0,8MP + 5MP,2,5000.0,4%,4.4,Minestar,86%,1002,"[ (5 out of 5) Great Products ], [ (5 out of 5) I like it ], [ (5 out of 5) LOVE IT ], [ (5 out of 5) Nice phone ]",2196155.8
44,44,6,A78 ,6.43,8.0,256.0,50MP,2,0.0,3%,4.5,Gaff Electronics Kenya,94%,165,"[ (5 out of 5) Excellent phone. ], [ (5 out of 5) Nice phone. ], [ (3 out of 5) I like it ]",5455324.5
45,45,2,Hot 30 Play ,6.82,8.0,128.0,16MP + 8MP,2,6000.0,22%,4.4,Tech Traders,86%,722,"[ (5 out of 5) meets my expectations ], [ (5 out of 5) I like it ], [ (5 out of 5) I LIKE IT ], [ (3 out of 5) I like it ], [ (5 out of 5) i like it ], [ (5 out of 5) Fabulous???????? ], [ (5 out of 5) I LIKE IT ], [ (5 out of 5) great ], [ (3 out of 5) I have mixed feelings. ], [ (5 out of 5) I love it ]",3159050.0
46,46,5,Spark 10C ,6.6,12.0,128.0,16MP + 2MP,2,5000.0,1%,4.3,BIG VIEW,100%,68,[ (4 out of 5) I like it ],2938268.8
47,47,5,Spark 10 ,6.6,8.0,128.0,50MP + 8MP + 50MP,2,5000.0,23%,4.5,Minestar,86%,1002,"[ (5 out of 5) nice ], [ (5 out of 5) I like it. Thank you!! ], [ (5 out of 5) wonderful  ]",3314947.8
48,48,5,Spark 10 Pro ,6.8,16.0,256.0,50MP + 2MP + 32MP,2,5000.0,34%,0.0,Minestar,86%,1002,No reviews,4608557.5
49,49,8,Galaxy A04s ,6.5,4.0,128.0,50MP + 2MP + 2MP + 5MP,2,5000.0,31%,4.1,Samsung Ecco World -,100%,177,"[ (5 out of 5) Good ], [ (4 out of 5) I like it ], [ (4 out of 5) display light ], [ (2 out of 5) charging system ], [ (5 out of 5) it's features ], [ (5 out of 5) perfect ], [ (3 out of 5) samsung A04s ], [ (5 out of 5) I like it ], [ (4 out of 5) I love it ]",4849609.0
50,50,2,Note 12i ,6.82,4.0,128.0,50MP + 2MP + 2MP + 8MP,2,5000.0,23%,4.7,SmartNets Enterprises,74%,249,"[ (4 out of 5) It's alright ], [ (5 out of 5) Enjoying every bit of my Note 12i ]",3414964.2
51,51,5,CAMON 20 ,6.67,8.0,256.0,32MP + 64MP + 2MP,2,5000.0,30%,0.0,SmartNets Enterprises,74%,249,No reviews,4930356.0
52,52,2,Hot 30 Play ,6.82,8.0,128.0,16MP + 8MP,2,6000.0,22%,0.0,CELLINY COLLECTIONS,74%,967,No reviews,3159050.0
53,53,8,Galaxy A14 ,6.6,4.0,64.0,50MP + 5MP + 2MP + 2MP + 13MP,2,5000.0,44%,5.0,Minestar,86%,1002,[ (5 out of 5) samsung a14 ],3678840.5
54,54,8,Galaxy S8 ,5.8,4.0,64.0,12MP + 8MP,1,0.0,38%,3.7,mzazi tech hub,54%,97,"[ (4 out of 5) perfect ], [ (5 out of 5) Samsung Galaxy s8 ], [ (4 out of 5) S8 plain ], [ (4 out of 5) I like it. ]",4041439.5
55,55,4,Redmi Note 12s ,6.43,8.0,256.0,108MP + 8MP + 2MP + 12MP,2,5000.0,1%,4.6,KM KENYA ELECTRONICS,80%,1467,No reviews,5505425.0
56,56,4,Redmi Note 12 ,6.67,4.0,128.0,50MP + 8MP + 2MP,2,0.0,25%,4.5,Minestar,86%,1002,No reviews,4276065.5
57,57,5,CAMON 20 ,6.67,8.0,256.0,32MP + 64MP + 2MP,2,5000.0,30%,0.0,Minestar,86%,1002,No reviews,4930356.0
58,58,2,Smart 7 HD ,6.6,2.0,64.0,8MP + 5MP,2,5000.0,24%,0.0,MNI NabŘi Dealers,60%,17,No reviews,2282980.2
59,59,6,A78 4G ,6.43,8.0,256.0,50MP + 8MP,2,5000.0,13%,0.0,SmartNets Enterprises,74%,249,No reviews,6047296.5
60,60,5,Spark 10C ,6.6,4.0,128.0,16MP + 8MP,2,5000.0,33%,5.0,Minestar,86%,1002,[ (5 out of 5) i love it ],3379336.2
61,61,6,A78 4G ,6.43,16.0,256.0,50MP + 8MP,2,5000.0,32%,4.5,Minestar,86%,1002,No reviews,6222930.0
62,62,6,A78 ,6.43,8.0,256.0,50MP,2,0.0,3%,0.0,Gaff Electronics Kenya,94%,165,No reviews,5455324.5
63,63,8,Galaxy A54 5G ,6.4,8.0,256.0,50MP + 12MP + 5MP + 32MP,2,5000.0,21%,4.0,Samsung Ecco World -,100%,177,No reviews,9327044.0
64,64,12,Find 30 ,6.6,2.0,32.0,5MP + 13MP,2,4000.0,15%,2.0,Sowhat Mobiles,80%,4,[ (2 out of 5) I don't like it at all ],3809057.2
65,65,8,Galaxy A24 4G ,6.5,6.0,128.0,50MP + 5MP + 2MP + 13MP,2,5000.0,15%,4.5,t markets,98%,3,"[ (4 out of 5) I love it ], [ (4 out of 5) Quality ]",5319533.0
66,66,6,A58 ,6.72,6.0,128.0,50MP + 2MP + 8MP,2,5000.0,29%,5.0,Minestar,86%,1002,[ (5 out of 5) I adore it ],4246751.0
67,67,8,Galaxy M14 5G ,6.6,6.0,128.0,50MP + 2MP + 2MP + 13MP,2,6000.0,25%,3.0,KM KENYA ELECTRONICS,80%,1467,No reviews,5197140.0
68,68,5,CAMON 20 ,6.67,8.0,256.0,32MP + 64MP + 2MP,2,5000.0,28%,5.0,SmartNets Enterprises,74%,249,[ (5 out of 5) Good ],4930356.0
69,69,2,Note 30 4G ,6.66,8.0,256.0,64MP + 16MP,2,5000.0,28%,4.5,Tech Traders,86%,722,[ (4 out of 5) I live it ],4693253.5
70,70,5,CAMON 20 ,6.67,8.0,256.0,32MP + 64MP + 2MP,2,5000.0,29%,4.5,Minestar,86%,1002,No reviews,4930356.0
71,71,8,Galaxy A03 Core ,6.5,2.0,32.0,8MP + 5MP,2,5000.0,5%,4.1,Minestar,86%,1002,No reviews,2196155.8
72,72,6,A58 ,6.72,6.0,128.0,50MP + 2MP + 8MP,2,0.0,17%,5.0,Amira Store,100%,219,No reviews,3841485.2
73,73,5,CAMON 20 ,6.67,8.0,256.0,32MP + 64MP + 2MP,2,5000.0,29%,5.0,SmartNets Enterprises,74%,249,No reviews,4930356.0
74,74,8,Galaxy A14 4G ,6.6,4.0,64.0,50MP + 2MP + 2MP + 13MP,2,5000.0,28%,0.0,Samsung Ecco World -,100%,177,No reviews,3678840.5
75,75,8,Galaxy A04 ,6.5,4.0,64.0,5MP,2,5000.0,20%,0.0,Samsung Ecco World -,100%,177,No reviews,3048273.0
76,76,5,Spark 10C ,6.6,8.0,128.0,16MP + 2MP,2,5000.0,33%,4.0,Minestar,86%,1002,No reviews,3314947.8
77,77,8,Galaxy A14 ,6.6,4.0,128.0,50MP + 2MP + 2MP + 13MP,2,5000.0,43%,0.0,Sysnex,86%,27,No reviews,3388018.2
78,78,2,Smart 7 HD ,6.6,6.0,64.0,8MP + 5MP,2,5000.0,17%,3.9,BIG VIEW,100%,68,No reviews,2899118.2
79,79,5,CAMON 20 Pro ,6.67,8.0,256.0,32MP + 64MP,2,5000.0,10%,0.0,CELLINY COLLECTIONS,74%,967,No reviews,4930356.0
80,80,11,C55 ,6.72,8.0,256.0,64MP,2,5000.0,10%,5.0,CELLINY COLLECTIONS,74%,967,[ (5 out of 5) I like it ],6369917.0
81,81,7,C32 ,6.5,7.0,64.0,50MP + 2MP + 8MP,2,0.0,8%,0.0,Minestar,86%,1002,No reviews,2987311.0
82,82,4,Redmi A2 ,6.52,3.0,64.0,8MP + 5MP,2,5000.0,16%,0.0,XIAOMI KE,100%,9268,No reviews,2406188.2
83,83,8,Galaxy A24 4G ,6.5,6.0,128.0,50MP + 5MP + 2MP + 13MP,2,5000.0,0,4.0,Iconcept mobile,94%,103,No reviews,5319533.0
84,84,12,Find 40 ,6.6,2.0,32.0,5MP + 13MP,2,4000.0,23%,1.0,Sowhat Mobiles,80%,4,[ (1 out of 5) Disappointed with the return process ],3809057.2
85,85,6,A17K ,6.56,3.0,64.0,8MP + 2MP + 5MP,2,5000.0,15%,5.0,Minestar,86%,1002,No reviews,2745075.2
86,86,8,Galaxy A04 ,6.5,4.0,64.0,5MP,2,5000.0,20%,0.0,Samsung Ecco World -,100%,177,No reviews,3048273.0
87,87,8,Galaxy A23 ,6.6,8.0,128.0,50MP + 5MP + 2MP + 2MP + 8MP,2,5000.0,15%,0.0,KM KENYA ELECTRONICS,80%,1467,No reviews,5084749.0
88,88,8,Galaxy A03 Core ,6.5,2.0,32.0,8MP + 5MP,2,5000.0,5%,4.5,Minestar,86%,1002,No reviews,2196155.8
89,89,6,A17K ,6.56,3.0,64.0,8MP + 2MP + 5MP,2,5000.0,17%,4.5,Minestar,86%,1002,No reviews,2745075.2
90,90,8,Galaxy F14 5G ,6.6,6.0,128.0,13MP + 50MP + 2MP + 2MP,2,6000.0,23%,0.0,CELLINY COLLECTIONS,74%,967,No reviews,5197140.0
91,91,8,Galaxy A14 4G ,6.6,4.0,128.0,50MP + 2MP + 2MP + 13MP,2,5000.0,1%,0.0,Kattason enterprise,94%,291,No reviews,3388018.2
92,92,2,SMART 7 PLUS Type C ,6.6,9.0,64.0,13MP,2,6000.0,1%,4.2,Tycoon enterprises,94%,305,No reviews,2480448.2
93,93,5,Spark 10 ,6.6,8.0,128.0,50MP + 8MP + 50MP,2,5000.0,24%,0.0,Minestar,86%,1002,No reviews,3314947.8
94,94,6,A58 ,6.72,6.0,128.0,50MP + 2MP + 8MP,2,5000.0,33%,0.0,Minestar,86%,1002,No reviews,4246751.0
95,95,1,MAX 30s ,6.55,1.0,8.0,8MP + 5MP,2,3750.0,13%,0.0,Modern Smartphones,86%,24,No reviews,1400921.9
96,96,6,Reno 10 5G ,6.7,8.0,256.0,64MP + 32MP + 8MP + 32MP,2,5000.0,32%,0.0,Minestar,86%,1002,No reviews,8531926.0
97,97,4,Redmi Note 12 Pro ,6.67,8.0,128.0,108MP + 8MP + 2MP + 2MP + 16MP,2,5000.0,22%,5.0,KM KENYA ELECTRONICS,80%,1467,"[ (5 out of 5) Very fast ,good camera. Just the best. ]",5792015.5
98,98,11,C55 ,6.72,8.0,256.0,64MP,2,5000.0,26%,0.0,Minestar,86%,1002,No reviews,6369917.0
99,99,8,Galaxy A14 4G ,6.6,4.0,128.0,50MP + 2MP + 2MP + 13MP,2,5000.0,33%,5.0,Avenue Phones,100%,696,No reviews,3388018.2
100,100,5,Spark 10C ,6.6,8.0,128.0,16MP + 2MP,2,5000.0,33%,4.0,Minestar,86%,1002,No reviews,3314947.8
101,101,5,CAMON 20 Pro 4G Mr Doodle Edition ,6.67,16.0,256.0,32MP + 64MP + 2MP,2,5000.0,29%,0.0,Minestar,86%,1002,No reviews,5626452.0
102,102,5,Spark 10 Pro ,6.8,8.0,128.0,32MP,2,5000.0,26%,5.0,Premium Phones-,100%,407,No reviews,3884578.0
103,103,1,MAX80 Plus ,6.52,2.0,16.0,5MP + 8MP,2,5075.0,22%,3.8,Modern Electronics,80%,18,No reviews,1425999.8
104,104,5,Pop 7 ,6.6,2.0,64.0,5MP + 8MP,2,5000.0,8%,4.3,Sammark Communication,94%,1254,"[ (3 out of 5) I love it ], [ (4 out of 5) The phone is good ], [ (1 out of 5) Don't like ..... ], [ (4 out of 5) I LIKE IT ], [ (5 out of 5) Like it ]",2030862.1
105,105,4,Redmi Note 12 ,6.67,4.0,128.0,50MP + 8MP + 2MP + 13MP,2,5000.0,36%,4.3,KM KENYA ELECTRONICS,80%,1467,No reviews,4297107.5
106,106,8,Galaxy A03 Core ,6.5,2.0,32.0,8MP + 5MP,2,5000.0,43%,4.3,Minestar,86%,1002,"[ (5 out of 5) i like it ], [ (2 out of 5) i dont like it ], [ (5 out of 5) Good ], [ (3 out of 5) Samsung galaxy A03 Core ], [ (1 out of 5) Deceptive advertising! ], [ (5 out of 5) All good. ]",2196155.8
107,107,5,Pop 7 ,6.6,2.0,64.0,5MP + 8MP,2,5000.0,8%,5.0,Sammark Communication,94%,1254,[ (5 out of 5) absolutely fantastic ],2030862.1
108,108,2,Hot 30 Play ,6.82,8.0,128.0,16MP + 8MP,2,6000.0,22%,3.5,CELLINY COLLECTIONS,74%,967,"[ (1 out of 5) Wrong item shipped ], [ (5 out of 5) I like your items so much ]",3159050.0
109,109,8,Galaxy A23 ,6.6,4.0,128.0,50MP + 5MP + 2MP + 2MP + 50MP + 5MP + 2MP + 2MP + 8MP,2,0.0,0,0.0,midland electronics,100%,18,No reviews,2391760.8
110,110,2,Smart 7 Plus ,6.6,3.0,64.0,13MP + 5MP,2,6000.0,17%,4.3,Tech Traders,86%,722,"[ (4 out of 5) I like it ???? ], [ (4 out of 5) i like it ], [ (5 out of 5) I like it ], [ (5 out of 5) I like it ], [ (5 out of 5) Great deal mommy now enjoying my gift ], [ (5 out of 5) i love it ], [ (5 out of 5) Infinix smart 7 Plus ], [ (5 out of 5) Just as odered ]",2145890.8
111,111,8,Galaxy NOTE 10 ,6.8,12.0,256.0,12MP + 12MP + 16MP + 10MP,1,0.0,20%,5.0,The Sleek Gadgets,66%,27,No reviews,15632771.0
112,112,8,Galaxy A03 Core ,6.5,2.0,32.0,8MP + 5MP,2,5000.0,6%,4.6,Minestar,86%,1002,"[ (5 out of 5) I like it ], [ (5 out of 5) It's good ], [ (4 out of 5) samsung galaxy A03 ], [ (4 out of 5) I like it ], [ (5 out of 5) I like it ], [ (5 out of 5) Beyond my expectations it was. ], [ (5 out of 5) Phone works well. The airpods don't work well ], [ (5 out of 5) Samsung GalaxyA03 core ], [ (5 out of 5) Good ], [ (5 out of 5) Awesome ]",2196155.8
113,113,8,Galaxy S21 5G ,6.2,8.0,128.0,64MP + 12MP + 12MP + 10MP,1,0.0,20%,0.0,The Sleek Gadgets,66%,27,No reviews,7386531.0
114,114,2,Hot 30i ,6.6,4.0,128.0,13MP + 8MP,2,5000.0,12%,5.0,Superfly,74%,284,[ (5 out of 5) Best of the best ],2751081.5
115,115,8,Galaxy A34 5G ,6.6,6.0,128.0,48MP + 8MP + 5MP + 13MP,2,5000.0,14%,0.0,Superfly,74%,284,No reviews,5483893.5
116,116,6,A98 5G ,6.72,8.0,256.0,64MP + 2MP + 2MP + 32MP,2,5000.0,12%,0.0,Superfly,74%,284,No reviews,6659777.5
117,117,6,A17 ,6.56,4.0,64.0,50MP + 5MP,2,0.0,31%,0.0,NGALA STORE,94%,123,No reviews,3924825.8
118,118,5,POP 7 Pro ,6.6,11.0,64.0,5MP + 13MP,2,0.0,30%,0.0,KM KENYA ELECTRONICS,80%,1467,No reviews,2393299.8
119,119,5,Spark 10 Pro ,6.8,8.0,256.0,50MP + 2MP + 32MP,2,5000.0,38%,5.0,Minestar,86%,1002,[ (5 out of 5) Good ],4648022.0
120,120,8,Galaxy M13 ,6.6,6.0,128.0,50MP + 5MP + 2MP + 8MP,2,0.0,5%,0.0,Superfly,74%,284,No reviews,4229353.5
121,121,4,Redmi 10C ,6.7,4.0,128.0,5MP,2,0.0,1%,0.0,CELLINY COLLECTIONS,74%,967,No reviews,3521660.5
122,122,7,C12 ,6.3,2.0,64.0,8MP + 5MP,2,3000.0,18%,0.0,SmartNets Enterprises,74%,249,No reviews,2315309.2
123,123,1,MaxfoneMax 80plus 5075mAh Inbuilt battery ,6.52,2.0,16.0,5MP + 8MP,2,5075.0,35%,0.0,Made Familiar,54%,1,No reviews,1425999.8
124,124,1,MAX 5X ,6.1,1.0,8.0,5MP + 5MP,2,3200.0,36%,0.0,Nytel Solutions,54%,131,No reviews,2386944.0
125,125,8,Galaxy A34 5G ,6.6,6.0,128.0,48MP + 8MP + 5MP + 13MP,2,5000.0,14%,5.0,CELLTIC CORNER,100%,592,No reviews,5483893.5
126,126,7,C32 ,6.5,7.0,64.0,50MP + 2MP + 8MP,2,0.0,4%,5.0,Minestar,86%,1002,"[ (5 out of 5) Great phone ], [ (5 out of 5) I like it ], [ (5 out of 5) Nice Phone ]",2987311.0
127,127,8,Galaxy A14 4G ,6.6,4.0,128.0,50MP + 2MP + 2MP + 13MP,2,5000.0,33%,4.5,Avenue Phones,100%,696,No reviews,3388018.2
128,128,4,XIAOMI 10A ,6.53,6.0,128.0,13MP + 5MP,2,5000.0,19%,0.0,IT  Solution,60%,49,No reviews,3493863.0
129,129,6,A15s Renewed ,6.52,6.0,128.0,13MP + 2MP + 2MP + 8MP,2,4230.0,30%,0.0,Badili Phones,66%,110,No reviews,2790635.2
130,130,5,Spark 10C ,6.6,12.0,128.0,16MP + 2MP,2,5000.0,17%,3.8,BIG VIEW,100%,68,No reviews,2938268.8
131,131,5,Spark 10 ,6.6,8.0,128.0,50MP + 8MP + 50MP,2,5000.0,23%,4.1,Minestar,86%,1002,No reviews,3314947.8
132,132,8,Galaxy A24 4G ,6.5,4.0,128.0,50MP + 5MP + 2MP + 13MP,2,5000.0,33%,0.0,Samsung Ecco World -,100%,177,No reviews,4849609.0
133,133,8,Galaxy A14 4G ,6.6,4.0,128.0,50MP + 2MP + 2MP + 13MP,2,5000.0,13%,0.0,NGALA STORE,94%,123,No reviews,3388018.2
134,134,2,Hot 30 Play ,6.82,8.0,128.0,16MP + 8MP,2,6000.0,22%,0.0,CELLINY COLLECTIONS,74%,967,No reviews,3159050.0
135,135,8,Galaxy S8 ,5.8,4.0,64.0,12MP + 8MP,1,0.0,38%,3.7,mzazi tech hub,54%,97,"[ (4 out of 5) perfect ], [ (5 out of 5) Samsung Galaxy s8 ], [ (4 out of 5) S8 plain ], [ (4 out of 5) I like it. ]",4041439.5
136,136,2,Smart 7 Plus ,6.6,9.0,64.0,13MP + 5MP,2,6000.0,32%,0.0,KM KENYA ELECTRONICS,80%,1467,No reviews,2480448.2
137,137,5,CAMON 20 ,6.67,8.0,256.0,32MP + 64MP + 2MP,2,5000.0,30%,0.0,Minestar,86%,1002,No reviews,4930356.0
138,138,4,Redmi Note 12 ,6.67,6.0,128.0,50MP + 8MP + 2MP,2,0.0,20%,0.0,Minestar,86%,1002,No reviews,4141928.8
139,139,11,C55 ,6.72,8.0,256.0,64MP,2,5000.0,25%,5.0,Minestar,86%,1002,No reviews,6369917.0
140,140,8,Galaxy S10 Plus Renewed ,6.4,8.0,128.0,76MP + 12MP + 12MP + 16MP + 10MP + 8MP,1,4100.0,0,0.0,Badili Phones,66%,110,No reviews,4463324.0
141,141,6,F11 Renewed ,6.5,6.0,64.0,72MP + 48MP + 5MP + 16MP,2,4020.0,0,0.0,Badili Phones,66%,110,No reviews,2711803.8
142,142,8,Galaxy F23 5G ,6.6,6.0,128.0,50MP + 8MP + 2MP + 8MP,2,0.0,10%,5.0,Superfly,74%,284,[ (5 out of 5) Great ],4229353.5
143,143,8,Galaxy M13 ,6.6,6.0,128.0,50MP + 5MP + 2MP + 8MP,2,5000.0,10%,4.4,KM KENYA ELECTRONICS,80%,1467,"[ (5 out of 5) I like it ], [ (5 out of 5) Good quality ], [ (5 out of 5) Working well ], [ (5 out of 5) perfect ???? ]",5483893.5
144,144,2,NOTE 30 ,6.66,8.0,256.0,64MP + 2MP,2,0.0,47%,0.0,CELLINY COLLECTIONS,74%,967,No reviews,5456417.0
145,145,5,Spark 9PRO ,6.6,4.0,128.0,50MP + 32MP,2,5000.0,43%,0.0,CELLINY COLLECTIONS,74%,967,No reviews,3379336.2
146,146,8,Galaxy A04e ,6.5,3.0,32.0,13MP + 2MP + 5MP,2,0.0,29%,0.0,Minestar,86%,1002,No reviews,2630783.5
147,147,7,C12 ,6.3,2.0,64.0,8MP + 5MP,2,3000.0,22%,5.0,CELLINY COLLECTIONS,74%,967,No reviews,2315309.2
148,148,6,Reno 10 Pro 5G ,6.7,12.0,256.0,50MP + 32MP + 8MP + 32MP,2,4600.0,14%,0.0,CELLINY COLLECTIONS,74%,967,No reviews,9725545.0
149,149,7,G11 Plus ,6.52,4.0,64.0,50MP + 2MP + 8MP,2,0.0,32%,0.0,Little Angels,40%,1014,No reviews,3664566.2
150,150,6,A17K ,6.56,3.0,64.0,8MP + 2MP + 5MP,2,5000.0,15%,0.0,Minestar,86%,1002,No reviews,2745075.2
151,151,6,A58 Display ,6.72,6.0,128.0,0/2MP + 8MP,2,5000.0,26%,0.0,Kingsly,74%,287,No reviews,4246751.0
152,152,5,CAMON 20 ,6.67,8.0,256.0,32MP + 64MP + 2MP,2,5000.0,25%,5.0,SmartNets Enterprises,74%,249,No reviews,4930356.0
153,153,8,Galaxy F13 ,6.6,4.0,128.0,50MP + 5MP + 2MP + 8MP,2,6000.0,22%,4.5,KM KENYA ELECTRONICS,80%,1467,No reviews,3785175.2
154,154,5,Spark 10 Pro ,6.8,8.0,256.0,50MP + 2MP + 32MP,2,5000.0,38%,5.0,Minestar,86%,1002,[ (5 out of 5) Good ],4648022.0
155,155,5,CAMON 20 Pro 4G Mr Doodle Edition ,6.67,8.0,256.0,32MP + 64MP + 2MP,2,5000.0,29%,0.0,Kingsly,74%,287,No reviews,4930356.0
156,156,5,Spark 10 ,6.6,16.0,128.0,50MP + 8MP + 50MP,2,5000.0,24%,0.0,Minestar,86%,1002,No reviews,3224804.0
157,157,6,A17K ,6.56,3.0,64.0,8MP,2,5000.0,44%,0.0,KM KENYA ELECTRONICS,80%,1467,No reviews,2745075.2
158,158,12,Find 40 ,6.6,2.0,32.0,5MP + 13MP,2,4000.0,23%,2.0,Sowhat Mobiles,80%,4,No reviews,3809057.2
159,159,12,Find 40 ,6.6,2.0,32.0,5MP + 13MP,2,4000.0,23%,0.0,Sowhat Mobiles,80%,4,No reviews,3809057.2
160,160,5,CAMON 20 ,6.67,8.0,256.0,32MP + 64MP + 2MP,2,5000.0,30%,0.0,SmartNets Enterprises,74%,249,No reviews,4930356.0
161,161,8,Galaxy A34 5G ,6.6,6.0,128.0,48MP + 8MP + 5MP + 13MP,2,5000.0,0,0.0,Iconcept mobile,94%,103,No reviews,5483893.5
162,162,4,Redmi A2 ,6.52,3.0,64.0,8MP + 5MP,2,5000.0,16%,0.0,XIAOMI KE,100%,9268,No reviews,2406188.2
163,163,7,C12 ,6.3,2.0,64.0,8MP + 5MP,2,3000.0,9%,4.4,Superfly,74%,284,[ (5 out of 5) I like the phone. ],2315309.2
164,164,5,Spark 10 Pro ,6.8,16.0,256.0,50MP + 2MP + 32MP,2,5000.0,33%,0.0,Minestar,86%,1002,No reviews,4608557.5
165,165,6,A17 ,6.56,4.0,64.0,50MP + 2MP + 5MP,2,0.0,46%,0.0,Minestar,86%,1002,No reviews,3924825.8
166,166,5,Spark 10 Pro ,6.8,16.0,256.0,50MP + 2MP + 32MP,2,5000.0,33%,0.0,Minestar,86%,1002,No reviews,4608557.5
167,167,13,IPhone 15 Pro ,6.1,8.0,256.0,48MP + 12MP + 12MP + 12MP + 12MP,1,3274.0,0,0.0,CELLTIC CORNER,100%,592,No reviews,31457830.0
168,168,6,A18 ,6.56,4.0,128.0,8MP + 2MP + 5MP,2,5000.0,32%,0.0,Minestar,86%,1002,No reviews,3473607.8
169,169,5,CAMON 20 ,6.67,8.0,256.0,32MP + 64MP + 2MP,2,5000.0,30%,0.0,Minestar,86%,1002,No reviews,4930356.0
170,170,5,Spark 10C ,6.6,8.0,128.0,16MP + 2MP,2,5000.0,40%,0.0,Minestar,86%,1002,No reviews,3314947.8
171,171,12,Find 40 ,6.6,2.0,32.0,5MP + 13MP,2,4000.0,23%,2.0,Sowhat Mobiles,80%,4,No reviews,3809057.2
172,172,12,Find 40 ,6.6,2.0,32.0,5MP + 13MP,2,4000.0,23%,0.0,Sowhat Mobiles,80%,4,No reviews,3809057.2
173,173,5,CAMON 20 ,6.67,8.0,256.0,32MP + 64MP + 2MP,2,5000.0,30%,0.0,SmartNets Enterprises,74%,249,No reviews,4930356.0
174,174,8,Galaxy A34 5G ,6.6,6.0,128.0,48MP + 8MP + 5MP + 13MP,2,5000.0,0,0.0,Iconcept mobile,94%,103,No reviews,5483893.5
175,175,4,Redmi A2 ,6.52,3.0,64.0,8MP + 5MP,2,5000.0,16%,0.0,XIAOMI KE,100%,9268,No reviews,2406188.2
176,176,5,Spark 10 Pro ,6.8,16.0,256.0,50MP + 2MP + 32MP,2,5000.0,33%,0.0,Minestar,86%,1002,No reviews,4608557.5
177,177,6,A17 ,6.56,4.0,64.0,50MP + 2MP + 5MP,2,0.0,46%,0.0,Minestar,86%,1002,No reviews,3924825.8
178,178,5,Spark 10 Pro ,6.8,16.0,256.0,50MP + 2MP + 32MP,2,5000.0,33%,0.0,Minestar,86%,1002,No reviews,4608557.5
179,179,6,A17K ,6.56,3.0,64.0,8MP + 2MP + 5MP,2,5000.0,14%,0.0,Minestar,86%,1002,No reviews,2745075.2
180,180,13,IPhone 15 Pro ,6.1,8.0,256.0,48MP + 12MP + 12MP + 12MP + 12MP,1,3274.0,0,0.0,CELLTIC CORNER,100%,592,No reviews,31457830.0
181,181,5,CAMON 20 ,6.67,8.0,256.0,32MP + 64MP + 2MP,2,5000.0,30%,0.0,Minestar,86%,1002,No reviews,4930356.0
182,182,5,Spark 10C ,6.6,8.0,128.0,16MP + 2MP,2,5000.0,40%,0.0,Minestar,86%,1002,No reviews,3314947.8
183,183,6,A18 ,6.56,4.0,128.0,8MP + 2MP + 5MP,2,5000.0,32%,0.0,Minestar,86%,1002,No reviews,3473607.8
184,184,8,Galaxy Note20 Ultra 5G ,6.9,12.0,128.0,108MP + 12MP + 12MP + 10MP,2,0.0,21%,0.0,Smart Products Kenya,86%,14,No reviews,12670831.0
185,185,8,Galaxy A03 Core ,6.5,2.0,32.0,8MP + 5MP,2,5000.0,22%,1.0,Superfly,74%,284,No reviews,2196155.8
186,186,6,A58 ,6.72,6.0,128.0,50MP + 2MP + 8MP,2,5000.0,34%,0.0,Minestar,86%,1002,No reviews,4246751.0
187,187,8,Galaxy A03 Core ,6.5,2.0,32.0,8MP + 5MP,2,5000.0,24%,3.5,Superfly,74%,284,No reviews,2196155.8
188,188,8,Galaxy A14 ,6.6,4.0,64.0,50MP + 2MP + 2MP + 13MP,2,5000.0,0,5.0,CELLTIC CORNER,100%,592,No reviews,3678840.5
189,189,6,Reno 10 5G ,6.7,8.0,256.0,64MP + 32MP + 8MP + 32MP,2,5000.0,23%,0.0,CELLINY COLLECTIONS,74%,967,No reviews,8531926.0
190,190,8,Galaxy F23 5G ,6.6,6.0,128.0,50MP + 8MP + 2MP + 8MP,2,5000.0,10%,0.0,Superfly,74%,284,No reviews,5483893.5
191,191,4,Redmi Note 12s ,6.43,8.0,256.0,108MP + 8MP + 2MP + 12MP,2,5000.0,5%,0.0,CELLINY COLLECTIONS,74%,967,No reviews,5505425.0
192,192,7,C1 2nd Edition ,5.45,1.0,16.0,5MP + 5MP,2,0.0,25%,0.0,Minestar,86%,1002,No reviews,1673519.9
193,193,8,Galaxy A24 4G ,6.5,4.0,128.0,50MP + 5MP + 2MP + 13MP,2,5000.0,17%,5.0,Iconcept mobile,94%,103,No reviews,4849609.0
194,194,6,A17K ,6.56,3.0,64.0,8MP + 2MP + 5MP,2,5000.0,15%,0.0,Minestar,86%,1002,No reviews,2745075.2
195,195,6,A98 5G ,6.72,8.0,256.0,64MP + 2MP + 2MP + 32MP,2,5000.0,30%,0.0,Minestar,86%,1002,No reviews,6659777.5
196,196,5,CAMON 20 ,6.67,8.0,256.0,32MP + 64MP + 2MP,2,5000.0,29%,0.0,SmartNets Enterprises,74%,249,No reviews,4930356.0
197,197,6,A17K ,6.56,3.0,64.0,8MP + 2MP + 5MP,2,5000.0,12%,0.0,Minestar,86%,1002,No reviews,2745075.2
198,198,4,Redmi 10A ,6.53,4.0,128.0,13MP + 5MP,2,5000.0,1%,0.0,Superfly,74%,284,No reviews,2925276.0
199,199,2,Smart 7 HD ,6.6,2.0,64.0,8MP + 5MP,2,5000.0,24%,0.0,Superfly,74%,284,No reviews,2282980.2
200,200,6,A18 ,6.56,4.0,128.0,8MP + 2MP + 5MP,2,5000.0,20%,0.0,Kingsly,74%,287,No reviews,3473607.8
201,201,6,A58 Display ,6.72,6.0,128.0,0/2MP + 8MP,2,5000.0,27%,0.0,Kingsly,74%,287,No reviews,4246751.0
202,202,8,Galaxy F23 5G ,6.6,6.0,128.0,50MP + 8MP + 2MP + 8MP,2,5000.0,10%,4.0,Superfly,74%,284,[ (4 out of 5) latest mobile ],5483893.5
203,203,8,Galaxy A03 Core ,6.5,2.0,32.0,8MP + 5MP,2,5000.0,32%,3.7,Little Angels,40%,1014,[ (5 out of 5) I like it ],2196155.8
204,204,6,A17 ,6.56,4.0,64.0,13MP + 5MP,2,5000.0,8%,5.0,Superfly,74%,284,No reviews,3099868.5
205,205,5,Spark 10 Pro Display ,6.8,8.0,256.0,50MP + 32MP,2,5000.0,31%,4.0,Kingsly,74%,287,No reviews,4648022.0
206,206,4,Redmi 12c ,6.71,4.0,128.0,50MP + 0.08MP + 5MP,2,5000.0,1%,5.0,KM KENYA ELECTRONICS,80%,1467,No reviews,2872567.0
207,207,8,Galaxy A04s ,6.5,4.0,128.0,50MP + 2MP + 2MP + 5MP,2,5000.0,16%,0.0,Minestar,86%,1002,No reviews,4849609.0
208,208,4,Redmi Note 12 ,6.67,6.0,128.0,50MP + 8MP + 2MP,2,0.0,8%,0.0,Superfly,74%,284,No reviews,4141928.8
209,209,6,Reno10 5G ,6.7,8.0,256.0,64MP + 32MP + 8MP + 32MP,2,5000.0,29%,0.0,KM KENYA ELECTRONICS,80%,1467,No reviews,8531926.0
210,210,6,A17K ,6.56,3.0,64.0,8MP,2,5000.0,16%,0.0,KM KENYA ELECTRONICS,80%,1467,No reviews,2745075.2
211,211,6,Reno10 Pro ,6.7,12.0,256.0,50MP + 32MP + 8MP + 32MP,2,4600.0,4%,0.0,KM KENYA ELECTRONICS,80%,1467,No reviews,9725545.0
212,212,5,Spark 10C ,6.6,8.0,128.0,16MP + 2MP,2,5000.0,28%,0.0,Minestar,86%,1002,No reviews,3314947.8
213,213,8,Galaxy M34 5G ,6.5,6.0,128.0,50MP + 8MP + 2MP + 13MP,2,6000.0,27%,0.0,KM KENYA ELECTRONICS,80%,1467,No reviews,5816494.5
214,214,8,Galaxy A14 ,6.6,4.0,64.0,50MP + 5MP + 2MP + 2MP + 13MP,2,5000.0,45%,0.0,Minestar,86%,1002,No reviews,3678840.5
215,215,8,Galaxy A14 4G ,6.6,4.0,128.0,50MP + 2MP + 2MP + 13MP,2,5000.0,14%,0.0,NGALA STORE,94%,123,No reviews,3388018.2
216,216,8,Galaxy S10 ,6.1,8.0,128.0,948MP,1,0.0,0,0.0,Jinsheng Digital,50%,4,No reviews,7386531.0
217,217,8,Galaxy A04s ,6.5,4.0,64.0,50MP + 2MP + 2MP + 5MP,2,5000.0,20%,5.0,Avenue Phones,100%,696,No reviews,3048273.0
218,218,10,Y36 ,6.64,8.0,128.0,50MP + 2MP + 16MP,2,5000.0,21%,0.0,CELLINY COLLECTIONS,74%,967,No reviews,6740482.0
219,219,8,Galaxy A03 Core ,6.5,2.0,32.0,8MP + 5MP,2,0.0,25%,0.0,Superfly,74%,284,No reviews,2309578.0
220,220,5,Pop 7 ,6.6,2.0,64.0,5MP + 8MP,2,5000.0,20%,5.0,t markets,98%,3,No reviews,2030862.1
221,221,4,Redmi 10C ,6.7,4.0,128.0,5MP,2,0.0,1%,0.0,CELLINY COLLECTIONS,74%,967,No reviews,3521660.5
222,222,11,C55 ,6.72,6.0,128.0,64MP,2,5000.0,10%,0.0,CELLINY COLLECTIONS,74%,967,No reviews,6112310.5
223,223,4,Redmi 10C ,6.7,4.0,64.0,5MP,2,0.0,8%,0.0,CELLINY COLLECTIONS,74%,967,No reviews,3368452.0
224,224,2,Hot 30 ,6.78,8.0,256.0,50MP + 8MP,2,5000.0,8%,0.0,Minestar,86%,1002,No reviews,4908096.5
225,225,6,A58 ,6.72,8.0,128.0,50MP + 2MP + 8MP,2,5000.0,25%,0.0,Minestar,86%,1002,No reviews,4410823.5
226,226,5,Spark 10 Pro ,6.6,8.0,128.0,50MP + 32MP,2,5000.0,22%,0.0,Kingsly,74%,287,No reviews,3314947.8
227,227,5,Spark 10 Pro ,6.8,16.0,256.0,50MP + 32MP,2,5000.0,20%,0.0,VANTON TECH,60%,150,No reviews,4608557.5
228,228,2,Smart 7 HD ,6.6,2.0,64.0,8MP + 5MP,2,5000.0,31%,4.0,Little Angels,40%,1014,[ (5 out of 5) jumia ],2282980.2
229,229,5,CAMON 20 ,6.67,8.0,256.0,32MP + 64MP + 2MP,2,5000.0,28%,0.0,SmartNets Enterprises,74%,249,No reviews,4930356.0
230,230,8,Galaxy Note20 Ultra 5G ,6.9,12.0,128.0,108MP + 12MP + 12MP + 10MP,2,0.0,21%,0.0,Smart Products Kenya,86%,14,No reviews,12670831.0
231,231,8,Galaxy A04 ,6.5,4.0,64.0,50MP + 2MP + 2MP + 5MP,2,5000.0,32%,3.5,CELLINY COLLECTIONS,74%,967,"[ (4 out of 5) Good ], [ (2 out of 5) Always need to reboot when turned on ], [ (3 out of 5) I like it ]",3048273.0
232,232,7,C32 ,6.5,11.0,64.0,50MP + 2MP + 8MP,2,0.0,7%,0.0,Minestar,86%,1002,No reviews,2910302.8
233,233,8,Galaxy A14 ,6.6,4.0,64.0,50MP + 5MP + 2MP + 2MP + 13MP,2,5000.0,23%,5.0,Superfly,74%,284,No reviews,3678840.5
234,234,8,Galaxy A03 Core ,6.5,2.0,32.0,8MP + 5MP,2,5000.0,24%,3.5,Superfly,74%,284,No reviews,2196155.8
235,235,11,C55 ,6.72,8.0,256.0,64MP,2,5000.0,10%,0.0,CELLINY COLLECTIONS,74%,967,No reviews,6369917.0
236,236,11,C33 ,6.5,4.0,128.0,50MP + 5MP,2,5000.0,16%,4.6,Minestar,86%,1002,[ (5 out of 5) its a good phone ],5513320.0
237,237,5,Spark 10 Pro ,6.8,24.0,128.0,50MP + 32MP,2,0.0,21%,5.0,KM KENYA ELECTRONICS,80%,1467,No reviews,3656484.0
238,238,7,C12 ,6.3,2.0,64.0,8MP + 5MP,2,3000.0,18%,0.0,SmartNets Enterprises,74%,249,No reviews,2315309.2
239,239,5,Pop 7 Pro Display ,6.56,4.0,64.0,13MP + 5MP,2,5000.0,24%,0.0,Kingsly,74%,287,No reviews,2615696.0
240,240,6,Reno 8 4G ,6.43,8.0,256.0,2MP + 32MP,2,4500.0,25%,0.0,CELLINY COLLECTIONS,74%,967,No reviews,7665451.5
241,241,2,Hot 30 Play ,6.82,8.0,128.0,16MP + 8MP,2,6000.0,34%,0.0,Minestar,86%,1002,No reviews,3159050.0
242,242,2,HOT 12 Display ,6.82,4.0,128.0,13MP + 8MP,2,5000.0,20%,3.5,Kingsly,74%,287,No reviews,3414964.2
243,243,5,Pop 7 Pro Disp ,6.56,3.0,64.0,13MP + 5MP,2,5000.0,16%,0.0,Kingsly,74%,287,No reviews,2323680.5
244,244,5,CAMON 20 Pro 4G Mr Doodle Edition Night ,6.67,16.0,256.0,32MP + 64MP,2,5000.0,20%,0.0,CELLINY COLLECTIONS,74%,967,No reviews,5626452.0
245,245,4,REDMI A2 PLUS ,6.52,2.0,32.0,8MP + 5MP,2,0.0,23%,0.0,CELLINY COLLECTIONS,74%,967,No reviews,2379093.8
246,246,2,Smart 7 HD ,6.6,2.0,64.0,8MP + 5MP,2,5000.0,32%,5.0,Little Angels,40%,1014,No reviews,2282980.2
247,247,7,C12 ,6.3,2.0,64.0,8MP + 5MP,2,3000.0,21%,0.0,SmartNets Enterprises,74%,249,No reviews,2315309.2
248,248,8,Galaxy A14 ,6.6,4.0,64.0,50MP + 5MP + 2MP + 2MP + 13MP,2,5000.0,45%,0.0,Minestar,86%,1002,No reviews,3678840.5
249,249,2,Hot 30 Play ,6.82,8.0,128.0,16MP + 8MP,2,6000.0,24%,0.0,Superfly,74%,284,No reviews,3159050.0
250,250,8,Galaxy Z Flip5 ,6.7,8.0,256.0,12MP + 12MP + 10MP,2,3700.0,0,0.0,CELLTIC CORNER,100%,592,No reviews,19838498.0
251,251,11,C33 ,6.5,4.0,128.0,50MP + 5MP,2,5000.0,19%,0.0,Minestar,86%,1002,No reviews,5513320.0
252,252,5,Pop 6 ,6.1,2.0,32.0,5MP + 5MP,2,5000.0,3%,0.0,Little Angels,40%,1014,No reviews,2825615.2
253,253,8,Galaxy A24 4G ,6.5,4.0,128.0,50MP + 5MP + 2MP + 13MP,2,5000.0,20%,0.0,CELLINY COLLECTIONS,74%,967,No reviews,4849609.0
254,254,11,C33 ,6.5,4.0,128.0,50MP + 5MP,2,5000.0,25%,0.0,SmartNets Enterprises,74%,249,No reviews,5513320.0
255,255,8,Galaxy M33 5G ,6.6,6.0,128.0,50MP + 5MP + 2MP + 2MP + 8MP,2,6000.0,10%,0.0,NOVA PHONES,80%,1277,No reviews,5197140.0
256,256,2,NOTE 30 VIP ,6.67,8.0,256.0,109MP + 2MP,2,0.0,1%,0.0,SmartNets Enterprises,74%,249,No reviews,6556829.0
257,257,11,C33 ,6.5,4.0,128.0,50MP + 5MP,2,5000.0,23%,0.0,SmartNets Enterprises,74%,249,No reviews,5513320.0
258,258,10,Y36 ,6.64,8.0,128.0,50MP + 2MP + 16MP,2,5000.0,24%,0.0,CELLINY COLLECTIONS,74%,967,No reviews,6740482.0
259,259,7,C1 2nd Edition ,5.45,1.0,16.0,5MP + 5MP,2,0.0,25%,0.0,Minestar,86%,1002,No reviews,1673519.9
260,260,8,Galaxy A04s ,6.5,4.0,64.0,50MP + 2MP + 2MP + 5MP,2,5000.0,1%,0.0,t markets,98%,3,No reviews,3048273.0
261,261,5,CAMON 20 ,6.67,8.0,256.0,32MP + 64MP + 2MP,2,5000.0,29%,0.0,SmartNets Enterprises,74%,249,No reviews,4930356.0
262,262,4,Redmi 10A ,6.53,4.0,128.0,13MP + 5MP,2,5000.0,1%,0.0,Superfly,74%,284,No reviews,2925276.0
263,263,6,A78 4G ,6.43,8.0,256.0,50MP + 8MP,2,5000.0,30%,0.0,CELLINY COLLECTIONS,74%,967,No reviews,6047296.5
264,264,6,A18 ,6.56,4.0,128.0,8MP + 2MP + 5MP,2,5000.0,31%,0.0,SmartNets Enterprises,74%,249,No reviews,3473607.8
265,265,4,Redmi A2 ,6.52,2.0,32.0,8MP + 5MP,2,5000.0,26%,0.0,MNI NabŘi Dealers,60%,17,No reviews,2274430.2
266,266,8,Galaxy F23 5G ,6.6,6.0,128.0,50MP + 8MP + 2MP + 8MP,2,5000.0,10%,4.0,Superfly,74%,284,[ (4 out of 5) latest mobile ],5483893.5
267,267,11,C33 ,6.5,4.0,128.0,50MP + 5MP,2,5000.0,19%,5.0,Minestar,86%,1002,No reviews,5513320.0
268,268,5,Spark 10 Pro ,6.8,8.0,128.0,50MP + 2MP + 32MP,2,5000.0,16%,4.0,Superfly,74%,284,No reviews,3884578.0
269,269,11,C33 ,6.5,4.0,128.0,50MP + 5MP,2,5000.0,18%,0.0,Minestar,86%,1002,No reviews,5513320.0
270,270,5,Spark 10C ,6.6,8.0,128.0,16MP + 2MP,2,5000.0,41%,0.0,Minestar,86%,1002,No reviews,3314947.8
271,271,5,Spark 10 Pro ,6.8,8.0,256.0,50MP + 32MP,2,5000.0,33%,5.0,Kingsly,74%,287,[ (5 out of 5) storage ],4648022.0
272,272,6,A58 ,6.72,6.0,128.0,50MP + 2MP + 8MP,2,5000.0,36%,0.0,Minestar,86%,1002,No reviews,4246751.0
273,273,4,Redmi Note 12 ,6.67,8.0,128.0,50MP + 8MP + 2MP,2,0.0,21%,4.0,SmartNets Enterprises,74%,249,No reviews,5394574.0
274,274,7,C12 ,6.3,2.0,64.0,8MP + 5MP,2,3000.0,21%,0.0,SmartNets Enterprises,74%,249,No reviews,2315309.2
275,275,8,Galaxy F04 ,6.5,4.0,64.0,13MP + 2MP + 5MP,2,5000.0,43%,0.0,KM KENYA ELECTRONICS,80%,1467,No reviews,3048273.0
276,276,7,C1 2nd Edition ,5.45,1.0,16.0,5MP + 5MP,2,0.0,25%,0.0,Minestar,86%,1002,No reviews,1673519.9
277,277,6,A98 5G ,6.72,8.0,256.0,64MP + 2MP + 2MP + 32MP,2,5000.0,13%,0.0,Amira Store,100%,219,No reviews,6659777.5
278,278,6,A98 5G ,6.72,8.0,256.0,64MP + 2MP + 2MP + 32MP,2,5000.0,30%,0.0,Minestar,86%,1002,No reviews,6659777.5
279,279,5,CAMON 20 ,6.67,8.0,256.0,32MP + 64MP + 2MP,2,5000.0,29%,0.0,SmartNets Enterprises,74%,249,No reviews,4930356.0
280,280,4,Redmi 10A ,6.53,4.0,128.0,13MP + 5MP,2,5000.0,1%,0.0,Superfly,74%,284,No reviews,2925276.0
281,281,6,A18 ,6.56,4.0,128.0,8MP + 2MP + 5MP,2,5000.0,20%,0.0,Kingsly,74%,287,No reviews,3473607.8
282,282,5,Spark 10C ,6.6,4.0,128.0,16MP + 2MP,2,5000.0,30%,0.0,Marcus shop,94%,15,No reviews,3379336.2
283,283,5,Spark 10c ,6.6,12.0,128.0,16MP + 8MP,2,5000.0,44%,5.0,KM KENYA ELECTRONICS,80%,1467,No reviews,2938268.8
284,284,8,Galaxy A03 Core ,6.5,2.0,32.0,8MP + 5MP,2,5000.0,32%,3.7,Little Angels,40%,1014,[ (5 out of 5) I like it ],2196155.8
285,285,7,C32 ,6.5,11.0,64.0,50MP + 2MP + 8MP,2,0.0,9%,0.0,Minestar,86%,1002,No reviews,2910302.8
286,286,7,C1 2nd Edition ,5.45,1.0,16.0,5MP + 5MP,2,0.0,28%,0.0,Superfly,74%,284,No reviews,1673519.9
287,287,2,Hot 30 Play ,6.82,8.0,128.0,16MP + 8MP,2,6000.0,22%,3.0,CELLINY COLLECTIONS,74%,967,No reviews,3159050.0
288,288,11,C55 ,6.72,8.0,256.0,64MP,2,5000.0,25%,5.0,Minestar,86%,1002,No reviews,6369917.0
289,289,8,Galaxy S10 Plus Renewed ,6.4,8.0,128.0,76MP + 12MP + 12MP + 16MP + 10MP + 8MP,1,4100.0,0,0.0,Badili Phones,66%,110,No reviews,4463324.0
290,290,6,F11 Renewed ,6.5,6.0,64.0,72MP + 48MP + 5MP + 16MP,2,4020.0,0,0.0,Badili Phones,66%,110,No reviews,2711803.8
291,291,4,Redmi 12 ,6.79,4.0,128.0,50MP + 8MP + 2MP + 8MP,2,5000.0,27%,0.0,SmartNets Enterprises,74%,249,No reviews,3575979.5
292,292,5,Spark 10 ,6.6,16.0,128.0,50MP + 8MP + 50MP,2,5000.0,23%,0.0,Minestar,86%,1002,No reviews,3224804.0
293,293,8,Galaxy A04s ,6.5,4.0,64.0,50MP + 2MP + 2MP + 5MP,2,5000.0,19%,0.0,Minestar,86%,1002,No reviews,3048273.0
294,294,2,NOTE 30 ,6.66,8.0,256.0,64MP + 2MP,2,0.0,47%,0.0,CELLINY COLLECTIONS,74%,967,No reviews,5456417.0
295,295,4,Redmi A2 ,6.52,3.0,64.0,8MP + 5MP,2,5000.0,20%,0.0,SmartNets Enterprises,74%,249,No reviews,2406188.2
296,296,5,Spark 9PRO ,6.6,4.0,128.0,50MP + 32MP,2,5000.0,43%,0.0,CELLINY COLLECTIONS,74%,967,No reviews,3379336.2
297,297,8,Galaxy A04e ,6.5,3.0,32.0,13MP + 2MP + 5MP,2,0.0,29%,0.0,Minestar,86%,1002,No reviews,2630783.5
298,298,2,NOTE 30 ,6.66,8.0,256.0,64MP + 2MP,2,0.0,38%,0.0,SmartNets Enterprises,74%,249,No reviews,5456417.0
299,299,8,Galaxy A24 4G ,6.5,6.0,128.0,50MP + 5MP + 2MP + 13MP,2,5000.0,22%,0.0,CELLINY COLLECTIONS,74%,967,No reviews,5319533.0
300,300,8,Galaxy A03 Core ,6.5,2.0,32.0,8MP + 5MP,2,5000.0,23%,4.0,KM KENYA ELECTRONICS,80%,1467,"[ (2 out of 5) Network poor. I hate it ], [ (5 out of 5) Good one ], [ (5 out of 5) Love it! ], [ (3 out of 5) I like it ]",2196155.8
301,301,7,C12 ,6.3,2.0,64.0,8MP + 5MP,2,3000.0,2%,0.0,Superfly,74%,284,No reviews,2315309.2
302,302,2,Hot 30 Play ,6.82,8.0,128.0,16MP + 8MP,2,6000.0,22%,0.0,CELLINY COLLECTIONS,74%,967,No reviews,3159050.0
303,303,6,A17 ,6.56,4.0,64.0,13MP + 5MP,2,5000.0,5%,0.0,Superfly,74%,284,No reviews,3099868.5
304,304,6,A15s Renewed ,6.52,4.0,64.0,13MP + 2MP + 2MP + 8MP,2,4230.0,13%,0.0,Badili Phones,66%,110,No reviews,2971865.0
305,305,2,Smart 7 HD ,6.6,2.0,64.0,8MP + 5MP,2,5000.0,32%,5.0,Little Angels,40%,1014,[ (5 out of 5) I like it. ],2282980.2
306,306,5,CAMON 20 Pro ,6.67,8.0,256.0,32MP + 64MP,2,5000.0,26%,5.0,Minestar,86%,1002,No reviews,4930356.0
307,307,5,Spark 10 ,6.6,16.0,128.0,50MP + 8MP + 50MP,2,5000.0,24%,0.0,Minestar,86%,1002,No reviews,3224804.0
308,308,5,Pop 6 ,6.1,2.0,32.0,5MP + 5MP,2,5000.0,15%,5.0,Little Angels,40%,1014,No reviews,2825615.2
309,309,5,Spark 10 Pro Display ,6.8,8.0,128.0,50MP + 32MP,2,5000.0,22%,0.0,Kingsly,74%,287,No reviews,3884578.0
310,310,8,Galaxy A03 Core ,6.5,2.0,32.0,8MP + 5MP,2,5000.0,0,0.0,midland electronics,100%,18,No reviews,2196155.8
311,311,11,C55 ,6.72,6.0,128.0,64MP,2,5000.0,10%,0.0,SmartNets Enterprises,74%,249,No reviews,6112310.5
312,312,8,Galaxy A24 4G ,6.5,4.0,128.0,50MP + 5MP + 2MP + 13MP,2,0.0,10%,0.0,Superfly,74%,284,No reviews,3880072.5
313,313,2,Hot 30 Play ,6.82,8.0,128.0,16MP + 8MP,2,6000.0,37%,0.0,Minestar,86%,1002,No reviews,3159050.0
314,314,2,Hot 30 Play ,6.82,8.0,128.0,16MP + 8MP,2,6000.0,8%,0.0,NGALA STORE,94%,123,No reviews,3159050.0
315,315,2,NOTE 30 VIP ,6.67,8.0,256.0,109MP + 2MP,2,0.0,1%,0.0,SmartNets Enterprises,74%,249,No reviews,6556829.0
316,316,6,Reno 7 5G ,6.43,8.0,256.0,2MP + 32MP,2,4500.0,20%,0.0,Minestar,86%,1002,No reviews,7665451.5
317,317,10,Y36 ,6.64,8.0,128.0,50MP + 2MP + 16MP,2,5000.0,21%,0.0,CELLINY COLLECTIONS,74%,967,No reviews,6740482.0
318,318,11,C30s Display ,6.5,2.0,32.0,8MP + 5MP,2,5000.0,5%,0.0,VANTON TECH,60%,150,No reviews,4429205.5
319,319,8,Galaxy A24 ,6.5,6.0,128.0,50MP + 5MP + 2MP + 13MP,2,5000.0,32%,0.0,Minestar,86%,1002,No reviews,5319533.0
320,320,5,CAMON 20 ,6.67,8.0,256.0,32MP + 64MP + 2MP,2,5000.0,26%,0.0,SmartNets Enterprises,74%,249,No reviews,4930356.0
321,321,2,Hot 30i ,6.6,4.0,128.0,13MP + 8MP,2,5000.0,16%,0.0,Superfly,74%,284,No reviews,2751081.5
322,322,4,Redmi A2 ,6.52,2.0,32.0,8MP + 5MP,2,5000.0,12%,0.0,Superfly,74%,284,No reviews,2274430.2
323,323,2,NOTE 30 VIP ,6.67,8.0,256.0,109MP + 2MP,2,0.0,1%,0.0,SmartNets Enterprises,74%,249,No reviews,6556829.0
324,324,2,NOTE 30 ,6.66,8.0,256.0,64MP + 2MP,2,0.0,38%,0.0,SmartNets Enterprises,74%,249,No reviews,5456417.0
325,325,5,POP 7 Pro ,6.6,11.0,64.0,5MP + 13MP,2,0.0,30%,0.0,KM KENYA ELECTRONICS,80%,1467,No reviews,2393299.8
326,326,8,Galaxy M13 ,6.6,6.0,128.0,50MP + 5MP + 2MP + 8MP,2,0.0,5%,0.0,Superfly,74%,284,No reviews,4229353.5
327,327,8,Galaxy A14 ,6.6,4.0,64.0,50MP + 5MP + 2MP + 2MP + 13MP,2,5000.0,29%,5.0,Superfly,74%,284,No reviews,3678840.5
328,328,2,Hot 30 Play ,6.82,8.0,128.0,16MP + 8MP,2,6000.0,22%,0.0,CELLINY COLLECTIONS,74%,967,No reviews,3159050.0
329,329,6,A17 ,6.56,4.0,64.0,13MP + 5MP,2,5000.0,5%,0.0,Superfly,74%,284,No reviews,3099868.5
330,330,6,A15s Renewed ,6.52,4.0,64.0,13MP + 2MP + 2MP + 8MP,2,4230.0,13%,0.0,Badili Phones,66%,110,No reviews,2971865.0
331,331,8,Galaxy A24 4G ,6.5,4.0,128.0,50MP + 5MP + 2MP + 13MP,2,5000.0,29%,0.0,CELLINY COLLECTIONS,74%,967,No reviews,4849609.0
332,332,8,Galaxy M13 SCREEN SIZE ,6.6,6.0,128.0,50MP + 5MP + 2MP + 8MP,2,0.0,11%,5.0,Superfly,74%,284,[ (5 out of 5) Happy customer. ],4229353.5
333,333,2,Hot 30 Play ,6.82,8.0,128.0,16MP + 8MP,2,6000.0,43%,0.0,Minestar,86%,1002,No reviews,3159050.0
334,334,5,CAMON 20 Pro ,6.67,8.0,256.0,32MP + 64MP,2,5000.0,26%,5.0,Minestar,86%,1002,No reviews,4930356.0
335,335,2,NOTE 30 ,6.66,8.0,256.0,64MP + 2MP,2,0.0,40%,0.0,CELLINY COLLECTIONS,74%,967,No reviews,5456417.0
336,336,8,Galaxy A03 Core Disp ,6.5,2.0,32.0,8MP + 5MP,2,5000.0,41%,5.0,Kingsly,74%,287,No reviews,2196155.8
337,337,14,F6 ,5.7,3.0,32.0,13MP + 2MP + 8MP,2,2970.0,0,0.0,3C Market,60%,2,No reviews,5302505.5
338,338,6,A16k ,6.52,4.0,64.0,13MP + 5MP,2,4230.0,21%,0.0,CELLINY COLLECTIONS,74%,967,No reviews,2971865.0
339,339,4,Redmi 12C ,6.71,3.0,64.0,50MP + 5MP,2,5000.0,10%,0.0,SmartNets Enterprises,74%,249,No reviews,2705624.8
340,340,2,Smart 7 HD ,6.6,2.0,64.0,8MP + 5MP,2,5000.0,22%,0.0,Superfly,74%,284,No reviews,2282980.2
341,341,4,Redmi 12C ,6.71,3.0,64.0,50MP + 5MP,2,5000.0,10%,0.0,SmartNets Enterprises,74%,249,No reviews,2705624.8
342,342,6,Reno 10 5G ,6.7,8.0,256.0,64MP + 32MP + 8MP + 32MP,2,5000.0,19%,0.0,SmartNets Enterprises,74%,249,No reviews,8531926.0
343,343,13,one 14 Pro Max ,6.7,6.0,256.0,12MP + 12MP,1,4323.0,32%,0.0,Brybell Master Ltd,50%,16,No reviews,33667996.0
344,344,6,A58 ,6.72,6.0,128.0,50MP + 2MP + 8MP,2,5000.0,35%,0.0,Minestar,86%,1002,No reviews,4246751.0
345,345,2,Hot 30i ,6.6,4.0,128.0,13MP + 8MP,2,5000.0,13%,0.0,Superfly,74%,284,No reviews,2751081.5
346,346,7,C31 ,6.75,4.0,64.0,13MP + 2MP + 5MP,2,0.0,19%,0.0,Superfly,74%,284,No reviews,2595093.8
347,347,2,NOTE 30 ,6.66,8.0,256.0,64MP + 2MP,2,0.0,25%,0.0,CELLINY COLLECTIONS,74%,967,No reviews,5456417.0
348,348,8,Galaxy A04s ,6.5,4.0,128.0,50MP + 2MP + 2MP + 5MP,2,0.0,25%,0.0,Superfly,74%,284,No reviews,3880072.5
349,349,11,C21Y ,6.5,3.0,32.0,13MP + 5MP,2,5000.0,21%,0.0,PAFEL MALL,50%,23,No reviews,4635860.5
350,350,2,Hot 30i ,6.6,4.0,128.0,13MP + 8MP,2,5000.0,12%,0.0,Superfly,74%,284,No reviews,2751081.5
351,351,8,A03 Core ,6.5,2.0,32.0,8MP + 5MP,2,5000.0,1%,0.0,Kattason enterprise,94%,291,No reviews,2196155.8
352,352,5,Spark 10 Pro ,6.8,8.0,128.0,50MP + 2MP + 32MP,2,5000.0,4%,5.0,SmartNets Enterprises,74%,249,No reviews,3884578.0
353,353,8,Galaxy A24 4G ,6.5,6.0,128.0,50MP + 5MP + 2MP + 13MP,2,5000.0,22%,0.0,CELLINY COLLECTIONS,74%,967,No reviews,5319533.0
354,354,8,Galaxy A04e ,6.5,3.0,32.0,13MP + 2MP + 5MP,2,5000.0,32%,0.0,KM KENYA ELECTRONICS,80%,1467,No reviews,2505790.0
355,355,11,C55 ,6.72,6.0,128.0,64MP,2,5000.0,10%,0.0,CELLINY COLLECTIONS,74%,967,No reviews,6112310.5
356,356,6,A17 ,6.56,4.0,64.0,13MP + 5MP,2,5000.0,8%,5.0,Superfly,74%,284,No reviews,3099868.5
357,357,5,Spark 10 Pro Display ,6.8,8.0,256.0,50MP + 32MP,2,5000.0,31%,4.0,Kingsly,74%,287,No reviews,4648022.0
358,358,2,Smart 7 HD ,6.6,2.0,64.0,8MP + 5MP,2,5000.0,31%,4.0,Little Angels,40%,1014,[ (5 out of 5) jumia ],2282980.2
359,359,4,Redmi Note 12 ,6.67,6.0,128.0,50MP + 8MP + 2MP,2,0.0,8%,0.0,Superfly,74%,284,No reviews,4141928.8
360,360,5,CAMON 20 ,6.67,8.0,256.0,32MP + 64MP + 2MP,2,5000.0,28%,0.0,SmartNets Enterprises,74%,249,No reviews,4930356.0
361,361,6,Reno10 5G ,6.7,8.0,256.0,64MP + 32MP + 8MP + 32MP,2,5000.0,29%,0.0,KM KENYA ELECTRONICS,80%,1467,No reviews,8531926.0
362,362,2,NOTE 12 VIP ,6.67,8.0,256.0,108MP + 13MP + 2MP + 16MP,2,4500.0,17%,0.0,CELLINY COLLECTIONS,74%,967,No reviews,6429288.5
363,363,2,Note 12i ,6.82,4.0,128.0,50MP + 2MP + 2MP + 8MP,2,5000.0,28%,0.0,SmartNets Enterprises,74%,249,No reviews,3414964.2
364,364,5,Spark 10 Pro ,6.8,16.0,256.0,50MP + 2MP + 32MP,2,5000.0,33%,0.0,Minestar,86%,1002,No reviews,4608557.5
365,365,6,Reno 10 5G ,6.7,8.0,256.0,64MP + 32MP + 8MP + 32MP,2,5000.0,33%,0.0,Minestar,86%,1002,No reviews,8531926.0
366,366,6,A16k ,6.52,4.0,64.0,13MP + 5MP,2,4230.0,0,5.0,jkam,46%,11,No reviews,2971865.0
367,367,8,Galaxy M33 5G ,6.6,6.0,128.0,50MP + 5MP + 2MP + 2MP + 8MP,2,6000.0,10%,4.7,NOVA PHONES,80%,1277,No reviews,5197140.0
368,368,4,Redmi Note 12 ,6.67,6.0,128.0,50MP + 8MP + 2MP,2,0.0,21%,0.0,Minestar,86%,1002,No reviews,4141928.8
369,369,8,Galaxy A04E ,6.5,3.0,32.0,50MP + 2MP + 5MP,2,0.0,36%,5.0,MNI NabŘi Dealers,60%,17,No reviews,2630783.5
370,370,2,NOTE 30 ,6.66,8.0,256.0,64MP + 2MP,2,0.0,29%,3.0,CELLINY COLLECTIONS,74%,967,No reviews,5456417.0
371,371,8,Galaxy S9 S9 Plus ,6.2,6.0,64.0,12MP,1,0.0,43%,4.5,FashionYuyu,100%,146,No reviews,6905667.0
372,372,8,Galaxy A14 ,6.6,4.0,64.0,50MP + 5MP + 2MP + 2MP + 13MP,2,5000.0,29%,0.0,Superfly,74%,284,No reviews,3678840.5
373,373,6,A18 ,6.56,4.0,128.0,8MP + 2MP + 5MP,2,5000.0,21%,0.0,Kingsly,74%,287,No reviews,3473607.8
374,374,11,C55 ,6.72,6.0,128.0,64MP,2,5000.0,10%,0.0,CELLINY COLLECTIONS,74%,967,No reviews,6112310.5
375,375,5,Spark 10 Disp ,6.6,8.0,128.0,50MP + 8MP,2,5000.0,32%,0.0,Kingsly,74%,287,No reviews,3314947.8
376,376,5,Camon 20 ,6.67,16.0,256.0,32MP + 64MP + 2MP,2,0.0,15%,0.0,Little Angels,40%,1014,No reviews,4521864.5
377,377,5,Camon 20 ,6.67,16.0,256.0,32MP + 64MP + 2MP,2,0.0,17%,0.0,Little Angels,40%,1014,No reviews,4521864.5
378,378,4,Redmi 10C ,6.7,4.0,64.0,5MP,2,0.0,8%,1.0,CELLINY COLLECTIONS,74%,967,[ (1 out of 5) Lies not actually 10c ],3368452.0
379,379,10,Y17s ,6.64,8.0,128.0,50MP + 2MP + 16MP,2,5000.0,21%,0.0,CELLINY COLLECTIONS,74%,967,No reviews,6740482.0
380,380,6,A78 4G ,6.43,8.0,256.0,50MP + 8MP,2,5000.0,30%,0.0,CELLINY COLLECTIONS,74%,967,No reviews,6047296.5
381,381,4,Redmi Note 12s 4G ,6.43,8.0,256.0,108MP + 8MP + 2MP + 12MP,2,5000.0,13%,0.0,CELLINY COLLECTIONS,74%,967,No reviews,5505425.0
382,382,6,A7 ,6.2,3.0,64.0,3+2MP + 16MP,2,4230.0,0,0.0,Bonucci,New,4,No reviews,3351328.8
383,383,8,Galaxy A04s ,6.5,4.0,128.0,50MP + 2MP + 2MP + 5MP,2,0.0,22%,0.0,Superfly,74%,284,No reviews,3880072.5
384,384,8,Galaxy M33 5G ,6.6,6.0,128.0,50MP + 5MP + 2MP + 2MP + 8MP,2,6000.0,31%,0.0,Sysnex,86%,27,No reviews,5197140.0
385,385,6,A17K ,6.56,3.0,64.0,8MP + 2MP + 5MP,2,5000.0,16%,0.0,Minestar,86%,1002,No reviews,2745075.2
386,386,5,CAMON 20 ,6.67,8.0,256.0,32MP + 64MP + 2MP,2,5000.0,29%,0.0,Minestar,86%,1002,No reviews,4930356.0
387,387,5,CAMON 20 Pro ,6.67,8.0,256.0,32MP + 64MP,2,5000.0,11%,0.0,SmartNets Enterprises,74%,249,No reviews,4930356.0
